codigoUnidade;nome;endereco;cidade;estado;regiaoAdministrativa;cnpj;telefone;site;linkLogo
291;Fatec Adamantina;Rua Paraná, 400 - Jardim Brasil - CEP: 17800-000;Adamantina;SP;Presidente Prudente;62.823.257/0291-82;(18) 3522-4181 / 3502-4500;https://fatecadamantina.cps.sp.gov.br;https://bkpsitecpsnew.blob.core.windows.net/uploadsitecps/sites/1/2020/10/fatec_ra_presidente_prudente_adamantina.zip
004;Fatec Americana – Ministro Ralph Biasi;Rua Emilio de Menezes, s/n° gleba B – Vila Amorim - CEP: 13469-111 - Americana/SP;Americana;SP;Campinas;62.823.257/0016-87;(19) 3406-3297 / 3406-5776;http://www.fatec.edu.br;https://bkpsitecpsnew.blob.core.windows.net/uploadsitecps/sites/1/2020/10/fatec_ra_campinas_americana.zip
177;Fatec Araçatuba – Prof. Fernando Amaral de Almeida Prado;Av. Prestes Maia, 1.764 - Jardim Ipanema - CEP: 16052-045 - Araçatuba/SP.;Araçatuba;SP;Araçatuba;62.823.257/0177-61;(18) 3625-9917 / 3625-9914;http://www.fatecaracatuba.edu.br;https://bkpsitecpsnew.blob.core.windows.net/uploadsitecps/sites/1/2024/08/fatec_ra_aracatuba_aracatuba.zip
288;Fatec Araraquara – Prof. José Arana Varela;Rua Precide Scarpino Martim, 126 - Jd. Santa Clara - Araraquara/SP;Araraquara;SP;Central;62.823.257/0288-87;(16) 3339-7841;https://fatecararaquara.cps.sp.gov.br/;https://bkpsitecpsnew.blob.core.windows.net/uploadsitecps/sites/1/2020/10/fatec_ra_central_araraquara.zip
290;Fatec Araras – Antonio Brambilla;Rua Jarbas Leme Godoy, 875 - Jd. José Ometto II - Araras/SP;Araras;SP;Campinas;62.823.257/0290-00;(19) 3541-3004;https://fatecararas.cps.sp.gov.br/;https://bkpsitecpsnew.blob.core.windows.net/uploadsitecps/sites/1/2024/08/fatec_ra_campinas_araras.zip
275;Fatec Assis – Prof. Dr. José Luiz Guimarães;Avenida Dom Antônio, 2.100 – Parque Universitário - CEP: 19806-900 - Assis/SP;Assis;SP;Marília;62.823.257/0275-62;(18) 3324-1607;https://fatecassis.cps.sp.gov.br/;https://bkpsitecpsnew.blob.core.windows.net/uploadsitecps/sites/1/2020/10/fatec_ra_marilia_assis.zip
309;Fatec Atibaia;Avenida Jerônimo de Camargo – 421 - CEP 12951-540 - Caetetuba Atibaia/SP;Atibaia;SP;Campinas;62.823.257/0309-46;(11) 4402-1047 / 4402 1010;https://fatecatibaia.cps.sp.gov.br/;https://bkpsitecpsnew.blob.core.windows.net/uploadsitecps/sites/1/2024/04/fatec_ra_campinas_atibaia.zip
005;Fatec Baixada Santista – Rubens Lara;Av. Senador Feijó, 350 - Vila Matias - CEP: 11015-502 - Santos/SP;Santos;SP;Baixada Santista;62.823.257/0017-68;(13) 3226-4100;http://fatecrl.edu.br;https://bkpsitecpsnew.blob.core.windows.net/uploadsitecps/sites/1/2024/08/fatec_ra_baixada_santista_baixada_santista_rubens_lara.zip
298;Fatec Barretos – Profª Édi Salvi Lima;Rua 18, 535 - Centro - CEP 14780-060 - Barretos/SP;Barretos;SP;Barretos;62.823.257/0298-59;(17) 3105-3801 / 3105-3805 / 3105-3806 / 98117-8337;https://fatecbarretos.cps.sp.gov.br/;https://bkpsitecpsnew.blob.core.windows.net/uploadsitecps/sites/1/2024/08/fatec_ra_barretos_barretos_profa_edi_salvi_lima.zip
209;Fatec Barueri – Padre Danilo José de Oliveira Ohl;Av. Carlos Capriotti , 123 - Centro - CEP: 06401-136 - Barueri/SP;Barueri;SP;Metropolitana de São Paulo;62.823.257/0209-83;(11) 2543-4900;http://www.fatecbarueri.edu.br;https://bkpsitecpsnew.blob.core.windows.net/uploadsitecps/sites/1/2020/10/fatec_ra_metropolitana_sp_barueri.zip
196;Fatec Bauru;Rua Manoel Bento Cruz, 3-30 - Centro - CEP: 17015-171 - Bauru/SP;Bauru;SP;Bauru;62.823.257/0196-24;(14) 3236-9350;https://fatecbauru.cps.sp.gov.br/;https://bkpsitecpsnew.blob.core.windows.net/uploadsitecps/sites/1/2024/08/fatec_ra_bauru_bauru.zip
280;Fatec Bebedouro – Jorge Caram Sabbag;Rua Dr. Oscar Werneck,1286 - Centro - CEP: 14701-120 - Bebedouro/SP;Bebedouro;SP;Barretos;62.823.257/0280-20;(17) 3343-5395;https://fatecbb.cps.sp.gov.br/;https://bkpsitecpsnew.blob.core.windows.net/uploadsitecps/sites/1/2024/08/fatec_ra_barretos_bebedouro_jorge_caram_sabbag.zip
112;Fatec Botucatu;Av. José Ítalo Bacchi, s/n° - Jd. Aeroporto - CEP: 18606-855 - Botucatu/SP;Botucatu;SP;Sorocaba;62.823.257/0112-16;(14) 3811-7400;http://www.fatecbt.edu.br;https://bkpsitecpsnew.blob.core.windows.net/uploadsitecps/sites/1/2020/10/fatec_ra_sorocaba_botucatu.zip
183;Fatec Bragança Paulista – Jornalista Omair Fagundes de Oliveira;Rua das Indústrias, 130 - Bairro Uberaba - CEP: 12926-674 - Bragança Paulista/SP;Bragança Paulista;SP;Campinas;62.823.257/0183-00;(11) 4031-0628;https://fatecbraganca.cps.sp.gov.br/;https://bkpsitecpsnew.blob.core.windows.net/uploadsitecps/sites/1/2024/08/fatec_ra_campinas_braganca_paulista.zip
276;Fatec Campinas;Av. Cônego Roccato, 593 - Jardim Santa Mônica - CEP: 13082-015;Campinas;SP;Campinas;62.823.257/0276 – 43;(19) 3216-6472 / 3216-6474;http://www.fateccampinas.com.br;https://bkpsitecpsnew.blob.core.windows.net/uploadsitecps/sites/1/2024/08/fatec_ra_campinas_campinas.zip
174;Fatec Capão Bonito;Rua Amantino de Oliveira Ramos, 60 - Terras do Embiruçu - Capão Bonito/SP;Capão Bonito;SP;Itapeva;62.823.257/0174-19;(15) 3542-2206 / 3542-2654;https://fateccapaobonito.cps.sp.gov.br/;https://bkpsitecpsnew.blob.core.windows.net/uploadsitecps/sites/1/2020/10/fatec_ra_itapeva_capao_bonito.zip
143;Fatec Carapicuíba;Av. Francisco Pignatari, 650 - Vila Gustavo Correia - CEP: 06310-390 - Carapicuíba/SP;Carapicuíba;SP;Metropolitana de São Paulo;62.823.257/0143-12;(11) 4185-6600;https://fateccarapicuiba.cps.sp.gov.br/;https://bkpsitecpsnew.blob.core.windows.net/uploadsitecps/sites/1/2020/10/fatec_ra_metropolitana_sp_carapicuiba.zip
182;Fatec Catanduva;Rua Maranhão, 898 - Centro - CEP: 15800-020 - Catanduva/SP;Catanduva;SP;São José do Rio Preto;62.823.257/0182-29;(17) 3524-7211 / 3524-7186;https://fateccatanduva.cps.sp.gov.br/;https://bkpsitecpsnew.blob.core.windows.net/uploadsitecps/sites/1/2020/10/fatec_ra_sao_jose_do_rio_preto_catanduva.zip
270;Fatec Cotia;Rua Nelson Raineri, 700 - Lageado - Cotia/SP;Cotia;SP;Metropolitana de São Paulo;62.823.257/0270-58;(11) 5699-9600;https://fateccotia.cps.sp.gov.br/;https://bkpsitecpsnew.blob.core.windows.net/uploadsitecps/sites/1/2020/10/fatec_ra_metropolitana_sp_cotia.zip
127;Fatec Cruzeiro – Prof. Waldomiro May;Avenida Rotary, 383 - Vila Paulista - CEP: 12701-170;Cruzeiro;SP;São José dos Campos;62.823.257/0127-00;(12) 3143-6571;http://www.fateccruzeiro.edu.br;https://bkpsitecpsnew.blob.core.windows.net/uploadsitecps/sites/1/2020/10/fatec_ra_sao_jose_dos_campos_cruzeiro.zip
307;Fatec de Embu das Artes;Estr. Barcelona, 879 - Parque dos Caetes, Embu das Artes - SP, 06845-270;Embu das Artes;SP;Metropolitana de São Paulo;62.823.257/0307-84;11 4785-4907 / 4785-4908;;https://bkpsitecpsnew.blob.core.windows.net/uploadsitecps/sites/1/2024/06/fatec_ra_metropolitana_sp__embu_das_artes.zip
217;Fatec Diadema – Luigi Papaiz;Av. Luiz Merenda, 443 - Jd. Campanário - CEP: 09931-390 - Diadema/SP;Diadema;SP;Metropolitana de São Paulo;62.823.257/0217-93;(11) 4092-2328 / 4092-2471;https://fatecdiadema.cps.sp.gov.br/;https://bkpsitecpsnew.blob.core.windows.net/uploadsitecps/sites/1/2020/10/fatec_ra_metropolitana_sp_diadema.zip
305;Fatec Esportes;Rua Paulo Lorenzani, s/nº - Parque Novo Mundo - 02180-021 - São Paulo - SP;São Paulo;SP;Metropolitana de São Paulo;62.823.257/0305-12;(11) 2955-1189 / (11) 2631-6584;https://fatecesportes.cps.sp.gov.br/;https://bkpsitecpsnew.blob.core.windows.net/uploadsitecps/sites/1/2023/04/fatec_ra_metropolitana_sp_capital_esportes.zip
109;Fatec Franca – Dr. Thomaz Novelino;Rua Irênio Grecco, 4580 - Vila Imperador - CEP: 14405-191 - Franca/SP;Franca;SP;Franca;62.823.257/0109-10;(16) 3702-3204;http://fatecfranca.edu.br;https://bkpsitecpsnew.blob.core.windows.net/uploadsitecps/sites/1/2020/10/fatec_ra_franca_franca.zip
294;Fatec Franco da Rocha – Giuliano Cecchettini;Rod. Pref. Luiz Salomão Chamma, 240 entrada principal pela, Rua Nelson Rodrigues, s/n - Pouso Alegre, Franco da Rocha - SP, 07857-050;Franco da Rocha;SP;Metropolitana de São Paulo;62.823.257.0294-25;(11) 4449-2007;https://fatecfrancodarocha.cps.sp.gov.br/;https://bkpsitecpsnew.blob.core.windows.net/uploadsitecps/sites/1/2020/10/fatec_ra_metropolitana_sp_franco_da_rocha.zip
119;Fatec Garça – Deputado Julio Julinho Marcondes de Moura;Av. Presidente Vargas, 2.331 - Vila José Ribeiro - CEP: 17404-500 - Garça/SP;Garça;SP;Marília;62.823.257/0119-92;(14) 3471-4723 / 3588-1800;https://fatecgarca.cps.sp.gov.br;https://bkpsitecpsnew.blob.core.windows.net/uploadsitecps/sites/1/2020/10/fatec_ra_marilia_garca.zip
106;Fatec Guaratinguetá – Prof. João Mod;Av. Prof. João Rodrigues Alckmin, 1.501 - Jardim Esperança - CEP: 12517-475 - Guaratinguetá/SP;Guaratinguetá;SP;São José dos Campos;62.823.257/0106-78;(12) 3126-2643;http://www.fatecguaratingueta.edu.br;https://bkpsitecpsnew.blob.core.windows.net/uploadsitecps/sites/1/2020/10/fatec_ra_sao_jose_dos_campos_guaratingueta.zip
167;Fatec Guarulhos;Rua Cristóbal Cláudio Elilo, 88 – Parque Cecap - CEP: 07190-065- Guarulhos/SP;Guarulhos;SP;Metropolitana de São Paulo;62.823.257/0167-90;(11) 2475-8800;https://fatecguarulhos.cps.sp.gov.br/;https://bkpsitecpsnew.blob.core.windows.net/uploadsitecps/sites/1/2020/10/fatec_ra_metropolitana_sp_guarulhos.zip
315;Fatec Ilha Solteira;Avenida Professor José Carlos Rossi, 1370, Bairro Cinturão Verde, Ilha Solteira, SP - CEP: 15385-470;Araçatuba;SP;Araçatuba;62.823.257/0315-94;(18) 99697-9278;https://fatecilhasolteira.cps.sp.gov.br/;https://bkpsitecpsnew.blob.core.windows.net/uploadsitecps/sites/1/2025/09/fatec_ra_aracatuba_ilha_solteira.zip
105;Fatec Indaiatuba – Dr. Archimedes Lammoglia;Rua D. Pedro I, 65 - Cidade Nova - CEP: 13334-100 - Indaiatuba/SP;Indaiatuba;SP;Campinas;62.823.257/0105-97;(19) 3885-1922 / 3885-1923;http://www.fatecid.com.br;https://bkpsitecpsnew.blob.core.windows.net/uploadsitecps/sites/1/2024/08/fatec_ra_campinas_indaiatuba.zip
204;Fatec Ipiranga – Pastor Enéas Tognini;R. Frei João, 59 - Vila Nair - CEP: 04280-130 - Ipiranga/SP;São Paulo;SP;Metropolitana de São Paulo;62.823.257/0204-79;(11) 5060-2800;https://fatecipiranga.cps.sp.gov.br;https://bkpsitecpsnew.blob.core.windows.net/uploadsitecps/sites/1/2020/10/fatec_ra_metropolitana_sp_capital_ipiranga.zip
131;Fatec Itapetininga – Prof. Antonio Belizandro Barbosa Rezende;Rua Dr. João Vieira de Camargo, 104 - Vila Barth - CEP: 18205-600 - Itapetininga/SP;Itapetininga;SP;Sorocaba;62.823.257/0131-89;(15) 3272-7916 / 3272-1165;https://fatecitapetininga.cps.sp.gov.br/;https://bkpsitecpsnew.blob.core.windows.net/uploadsitecps/sites/1/2020/10/fatec_ra_sorocaba_itapetininga.zip
308;Fatec Itapevi;Rua Vicentina Camargo Gonçalves Oliveira, 120 - Parque Suburbano - CEP:06663-565 - Itapevi/SP;Itapevi;SP;Metropolitana de São Paulo;62.823.257/0308-65;(11) 4205-8900;https://fatecitapevi.cps.sp.gov.br/;https://bkpsitecpsnew.blob.core.windows.net/uploadsitecps/sites/1/2024/04/fatec_ra_metropolitana_sp_itapevi.zip
278;Fatec Itapira – Ogari de Castro Pacheco;Rua Tereza Lera Paoletti, 590 - Jardim Bela Vista - Itapira/SP;Itapira;SP;Campinas;62.823.257/0278-05;(19) 3843-1996 / (19) 3843-7537 / (19) 3843-8516 /;https://fatecitapira.cps.sp.gov.br/;https://bkpsitecpsnew.blob.core.windows.net/uploadsitecps/sites/1/2024/08/fatec_ra_campinas_itapira.zip
155;Fatec Itaquaquecetuba;Av. Itaquaquecetuba, 711 - Vila - Monte Belo - CEP: 08577-210 - Itaquaquecetuba/SP;Itaquaquecetuba;SP;Metropolitana de São Paulo;62.823.257/0155-56;(11) 4753-3221 / 4732-9800;https://fatecitaqua.cps.sp.gov.br/;https://bkpsitecpsnew.blob.core.windows.net/uploadsitecps/sites/1/2020/10/fatec_ra_metropolitana_sp_itaquaquecetuba.zip
257;Fatec Itaquera – Prof. Miguel Reale;Av. Miguel Ignácio Curi, 360 - Vila Carmosina - Itaquera - CEP: 08295-005 - Itaquera/SP;São Paulo;SP;Metropolitana de São Paulo;62.823.257/0257-80;(11) 2077-9800;https://fatecitaquera.cps.sp.gov.br/;https://bkpsitecpsnew.blob.core.windows.net/uploadsitecps/sites/1/2020/10/fatec_ra_metropolitana_sp_capital_itaquera.zip
286;Fatec Itatiba – Maria Eunice Amadeo de Almeida;Rua Daniel Peçanha de Moraes, 220 - Jardim Salessi, Itatiba/SP CEP: 13251-140;Itatiba;SP;Campinas;628.232.57/0286-15;(11) 4524-3221 / 94742-9484;https://fatecdeitatiba.cps.sp.gov.br/;https://bkpsitecpsnew.blob.core.windows.net/uploadsitecps/sites/1/2024/08/fatec_ra_campinas_itatiba.zip
178;Fatec Itu – Dom Amaury Castanho;Av. Tiradentes, 1.211 - Parque das Indústrias - CEP: 13309-640 - Itu/SP;Itu;SP;Sorocaba;62.823.257/0178-42;(11) 4813-9303;https://fatecitu.cps.sp.gov.br/;https://bkpsitecpsnew.blob.core.windows.net/uploadsitecps/sites/1/2020/10/fatec_ra_sorocaba_itu.zip
173;Fatec Jaboticabal – Nilo de Stéfani;Av. Eduardo Zambianchi, 31 - Vila Industrial - CEP: 14883-130 - Jaboticabal/SP;Jaboticabal;SP;Ribeirão Preto;62.823.257/0173-38;(16) 3202-7327 / 3202-6519;https://www.fatecjaboticabal.edu.br/;https://bkpsitecpsnew.blob.core.windows.net/uploadsitecps/sites/1/2020/10/fatec_ra_ribeirao_preto_jaboticabal.zip
258;Fatec Jacareí – Professor Francisco de Moura;Av. Faria Lima, 155 - Jardim Santa Maria - CEP: 12328-070 - Jacareí/SP;Jacareí;SP;São José dos Campos;62.823.257/0258-61;(12) 3953-7926;https://fatecjacarei.cps.sp.gov.br/;https://bkpsitecpsnew.blob.core.windows.net/uploadsitecps/sites/1/2020/10/fatec_ra_sao_jose_dos_campos_jacarei.zip
020;Fatec Jahu;Rua Frei Galvão, s/nº - Jardim Pedro Ometto - CEP: 17212-599 - Jaú/SP;Jaú;SP;Bauru;62.823.257/0020-63;(14) 3622-8280 / 3622-8037 / 3621-9044;http://fatecjahu.edu.br/;https://bkpsitecpsnew.blob.core.windows.net/uploadsitecps/sites/1/2024/08/fatec_ra_bauru_jahu.zip
171;Fatec Jales – Professor José Camargo;Rua Vicente Leporace, 2630 - Jardim Trianon - CEP: 15703-116 - Jales/SP;Jales;SP;São José do Rio Preto;62.823.257/0171-76;(17) 3624-3800;http://www.fatecjales.edu.br;https://bkpsitecpsnew.blob.core.windows.net/uploadsitecps/sites/1/2020/10/fatec_ra_sao_jose_do_rio_preto_jales.zip
114;Fatec Jundiaí – Deputado Ary Fossen;Av. União dos Ferroviários, 1.760 - Centro - CEP: 13201-160 - Jundiaí/S;Jundiaí;SP;Campinas;62.823.257/0114-88;(11) 4522-7549 / 4523-0092;http://www.fatecjd.edu.br;https://bkpsitecpsnew.blob.core.windows.net/uploadsitecps/sites/1/2024/08/fatec_ra_campinas_jundiai.zip
192;Fatec Lins – Prof. Antonio Seabra;Estrada Mário Covas Junior , km 1 - Vila Guararapes, Lins - CEP: 16403-025;Lins;SP;Bauru;62.823.257/0192-09;(14) 3523-7745 / 3532-5182;https://www.fateclins.edu.br/;https://bkpsitecpsnew.blob.core.windows.net/uploadsitecps/sites/1/2024/08/fatec_ra_bauru_lins_prof_antonio_seabra.zip
130;Fatec Marília – Estudante Rafael Almeida Camarinha;Av. Castro Alves, 62 - Somenzari - CEP: 17506-000 - Marília/SP;Marília;SP;Marília;62.823.257/0130-06;(14) 3454-7540 / 3454-7541;https://fatecmarilia.cps.sp.gov.br/;https://bkpsitecpsnew.blob.core.windows.net/uploadsitecps/sites/1/2020/10/fatec_ra_marilia_marilia.zip
297;Fatec Matão – Luiz Marchesan;Avenida Habib Gabriel, 1360 - Bairro Residencial Olívio Benassi - CEP: 15990-539 - Matão/SP;Matão;SP;Central;62.823.257/0297-78;(16) 2016-2694 / 2016-2695;https://fatecmatao.cps.sp.gov.br/;https://bkpsitecpsnew.blob.core.windows.net/uploadsitecps/sites/1/2024/02/fatec_ra_central_matao.zip
113;Fatec Mauá;Av. Antonia Rosa Fioravante, 804 - Vila Fausto Morelli - CEP: 09360-120 - Mauá/SP;Mauá;SP;Metropolitana de São Paulo;62.823.257/0113-05;(11) 4543-3221 / 4543-3238 / 4519-5899;http://www.fatecmaua.com.br;https://bkpsitecpsnew.blob.core.windows.net/uploadsitecps/sites/1/2020/10/fatec_ra_metropolitana_sp_maua.zip
120;Fatec Mococa;Av. Dr. Américo Pereira Lima, s/nº Jardim Lavínia - CEP: 13736-260 - Mococa/SP;Mococa;SP;Campinas;62.823.257/0120-26;(19) 3656-5559 / 3665-5079 / 3665-6005 / 3665-6484;https://fatecmococa.cps.sp.gov.br/;https://bkpsitecpsnew.blob.core.windows.net/uploadsitecps/sites/1/2024/08/fatec_ra_campinas_mococa.zip
184;Fatec Mogi das Cruzes;Rua Carlos Barattino, 908 - Vila Mogilar - CEP: 08831-570 - Mogi das Cruzes/SP;Mogi das Cruzes;SP;Metropolitana de São Paulo;62.823.257/0184-90;(11) 4699-2799;http://www.fatecmogidascruzes.com.br;https://bkpsitecpsnew.blob.core.windows.net/uploadsitecps/sites/1/2020/10/fatec_ra_metropolitana_sp_mogi_das_cruzes.zip
163;Fatec Mogi Mirim – Arthur de Azevedo;Rua Ariovaldo Silveira Franco, 567, Jardim 31 de Março - CEP: 13801-005 - Mogi Mirim/SP;Mogi Mirim;SP;Campinas;62.823.257/0163-66;(19) 3804-5390 / 3804-5360 / 3806-3139 / 3806-2181;https://fatecmm.cps.sp.gov.br/;https://bkpsitecpsnew.blob.core.windows.net/uploadsitecps/sites/1/2024/08/fatec_ra_campinas_mogi_mirim.zip
312;Fatec Olímpia;Av. Governador Adhemar Pereira de Barros, km3 - Recanto Bela Vista - CEP 15400-000 - Olímpia/SP;Olímpia;SP;Barretos;62.823.257/0312-41;(17) 98131-6485;https://fatecolimpia.cps.sp.gov.br/;https://bkpsitecpsnew.blob.core.windows.net/uploadsitecps/sites/1/2025/04/fatec_ra_barretos_olimpia.zip
216;Fatec Osasco – Prefeito Hirant Sanazar;Rua Pedro Rissato, 30 - Vila dos Remédios - CEP: 06296-220 - Osasco/SP;Osasco;SP;Metropolitana de São Paulo;62.823.257/0216-02;(11) 3603-9910 / 3656-0203;https://fatecosasco.cps.sp.gov.br;https://bkpsitecpsnew.blob.core.windows.net/uploadsitecps/sites/1/2020/10/fatec_ra_metropolitana_sp_osasco.zip
021;Fatec Ourinhos;Av. Vitalina Marcusso, 1.400 - Campus Universitário - CEP: 19910-206 - Ourinhos/SP;Ourinhos;SP;Marília;62.823.257/0021-44;(14) 3302 - 9800;https://fatecourinhos.cps.sp.gov.br/;https://bkpsitecpsnew.blob.core.windows.net/uploadsitecps/sites/1/2020/10/fatec_ra_marilia_ourinhos.zip
313;Fatec Paulínia;Avenida dos Expedicionários, 1474 - Jardim Vista Alegre Paulínia/SP;Paulínia;SP;Campinas;62.823.257/0313-22;(11) 3322-2205;;https://bkpsitecpsnew.blob.core.windows.net/uploadsitecps/sites/1/2025/09/fatec_ra_campinas_paulinia.zip
133;Fatec Pindamonhangaba;Rodovia Vereador Abel Fabrício Dias, 4.010 (SP 062) - Água Preta - CEP: 12445-010 - Pindamonhangaba/SP;Pindamonhangaba;SP;São José dos Campos;62.823.257/0133-40;(12) 3648-8756 / 3642-5648;https://fatecpindamonhangaba.cps.sp.gov.br;https://bkpsitecpsnew.blob.core.windows.net/uploadsitecps/sites/1/2020/10/fatec_ra_sao_jose_dos_campos_pidamonhangaba.zip
175;Fatec Piracicaba – Deputado Roque Trevisan;Av. Diácono Jair de Oliveira, 651 - Santa Rosa - CEP: 13414-155 - Piracicaba/SP;Piracicaba;SP;Campinas;62.823.257/0175-08;(19) 3413-1702 / 3434-7317;https://fatecpiracicaba.cps.sp.gov.br/;https://bkpsitecpsnew.blob.core.windows.net/uploadsitecps/sites/1/2024/08/fatec_ra_campinas_piracicaba.zip
259;Fatec Pompeia – Shunji Nishimura;Av. Shunji Nishimura, 605 - Distrito Industrial - Centro - CEP: 17580-000 - Pompéia/SP;Pompeia;SP;Marília;62.823.257.0259-42;(14) 3452-1294;http://www.fatecpompeia.edu.br;https://bkpsitecpsnew.blob.core.windows.net/uploadsitecps/sites/1/2020/10/fatec_ra_marilia_pompeia.zip
311;Fatec Porto Ferreira;Rua Padre Nestor C. Maranhão, 40 - Jardim Aeroporto, Porto Ferreira - SP, 13660-000;Porto Ferreira;SP;Central;62.823.257/0311-60;(19) 3589-5800;https://fatecportoferreira.cps.sp.gov.br/;https://bkpsitecpsnew.blob.core.windows.net/uploadsitecps/sites/1/2024/11/fatec_ra_central_porto_ferreira.zip
129;Fatec Praia Grande;Praça 19 de Janeiro, 144 - Boqueirão - CEP: 11700-100 - Praia Grande/SP;Praia Grande;SP;Baixada Santista;62.823.257/0129-64;(13) 3591-1303 / 3591-6968;https://fatecpg.cps.sp.gov.br/;https://bkpsitecpsnew.blob.core.windows.net/uploadsitecps/sites/1/2024/08/fatec_ra_baixada_santista_praia_grande.zip
157;Fatec Presidente Prudente;Rua Teresina, 75 - Vila Paulo Roberto - CEP: 19046-230 - Presidente Prudente/SP;Presidente Prudente;SP;Presidente Prudente;62.823.257/0157-18;(18) 3916-7887 / 3917-2064;https://fatecpp.cps.sp.gov.br/;https://bkpsitecpsnew.blob.core.windows.net/uploadsitecps/sites/1/2020/10/fatec_ra_presidente_prudente_presidente_prudente.zip
299;Fatec Registro;Av. Clara Gianotti de Souza, 257 - Centro, Registro - SP, CEP 11900-000;Registro;SP;Registro;62.823.257.0299-30;(13) 2130-5455;https://fatecregistro.cps.sp.gov.br/;https://bkpsitecpsnew.blob.core.windows.net/uploadsitecps/sites/1/2022/02/fatec_ra_registro_registro.zip
284;Fatec Ribeirão Preto;Av. Pio XII, 1255 - Vila Virginia - Ribeirão Preto/SP;Ribeirão Preto;SP;Ribeirão Preto;62.823.257/0284-53;(16) 3919-2320 / 3919-1871;https://fatecrp.cps.sp.gov.br/;https://bkpsitecpsnew.blob.core.windows.net/uploadsitecps/sites/1/2020/10/fatec_ra_ribeirao_preto_ribeirao_preto.zip
310;Fatec Rio Claro – Prof. Álvares Gracioli;Rua 2, nº 2.877, Vila Operária – Rio Claro;Rio Claro;SP;Campinas;62.823.257/0310-80;(19) 99739-3638;https://fatecrioclaro.cps.sp.gov.br/;https://bkpsitecpsnew.blob.core.windows.net/uploadsitecps/sites/1/2024/11/fatec_ra_campinas_fatec_rio_claro.zip
283;Fatec Santana de Parnaíba;Av. Tenente Marques, 6380 - Fazendinha - CEP: 06529-001 - Santana de Panaíba/SP;Santana de Parnaíba;SP;Metropolitana de São Paulo;62.823.257/0283-72;(11) 2424-2757 / 2424-2754;https://fatecsdp.cps.sp.gov.br/;https://bkpsitecpsnew.blob.core.windows.net/uploadsitecps/sites/1/2020/10/fatec_ra_metropolitana_sp_santana_de_parnaiba.zip
160;Fatec Santo André;Rua Prefeito Justino Paixão, 150 - Centro - CEP: 09020-130 - Santo André/SP;Santo André;SP;Metropolitana de São Paulo;62.823.257/0160-13;(11) 4437-2215;https://fatecsantoandre.cps.sp.gov.br/;https://bkpsitecpsnew.blob.core.windows.net/uploadsitecps/sites/1/2020/10/fatec_ra_metropolitana_sp_santo_andre.zip
126;Fatec São Bernardo do Campo – Adib Moisés Dib;Av. Pereira Barreto, 400 - Vila Baeta Neves - CEP: 09751-000 - São Bernardo do Campo/SP;São Bernardo do Campo;SP;Metropolitana de São Paulo;62.823.257/0126-11;11 4126-9801 (Whatsapp) | 4126-9802 | 4126-9803;https://fatecsbc.cps.sp.gov.br/;https://bkpsitecpsnew.blob.core.windows.net/uploadsitecps/sites/1/2020/10/fatec_ra_metropolitana_sp_sao_bernardo.zip
168;Fatec São Caetano do Sul – Antonio Russo;Rua Bell Aliance, 225 - Jardim São Caetano - CEP: 09581-420 - São Caetano/SP;São Caetano do Sul;SP;Metropolitana de São Paulo;62.823.257/0168-70;(11) 4239-9500;https://fatecsaocaetano.cps.sp.gov.br/;https://bkpsitecpsnew.blob.core.windows.net/uploadsitecps/sites/1/2020/10/fatec_ra_metropolitana_sp_sao_caetano_do_sul.zip
269;Fatec São Carlos;Av. Araraquara, 451 Vila Brasília – CEP 13566-770 Vila Nery - São Carlos/SP;São Carlos;SP;Central;62.823.257/0269-14;(16) 3307-7545;https://fatecsaocarlos.cps.sp.gov.br/;https://bkpsitecpsnew.blob.core.windows.net/uploadsitecps/sites/1/2020/10/fatec_ra_central_sao_carlos.zip
121;Fatec São José do Rio Preto;Rua Fernandópolis, 2.510 - Eldorado - CEP: 15043-020 - São José do Rio Preto/SP;São José do Rio Preto;SP;São José do Rio Preto;62.823.257/0121-07;(17) 3219-9630;https://fatecriopreto.cps.sp.gov.br/;https://bkpsitecpsnew.blob.core.windows.net/uploadsitecps/sites/1/2020/10/fatec_ra_sao_jose_do_rio_preto_sao_jose_do_rio_preto.zip
146;Fatec São José dos Campos – Prof. Jessen Vidal;Avenida Cesare Mansueto Giulio Lattes, 1350 - Bairro Eugênio de Melo CEP 12.247-014 São José dos Campos - SP;São José dos Campos;SP;São José dos Campos;62.823.257/0146-65;(12) 3905-4979 / 3905-2423;http://fatecsjc-prd.azurewebsites.net/;https://bkpsitecpsnew.blob.core.windows.net/uploadsitecps/sites/1/2020/10/fatec_ra_sao_jose_dos_campos_sao_jose_dos_campos.zip
002;Fatec São Paulo;Av. Tiradentes, 615 - Bom Retiro - São Paulo/SP - CEP: 01124-060;São Paulo;SP;Metropolitana de São Paulo;62.823.257/0015-04;(11) 3322-2215 / 3322-2202;http://www.fatecsp.br;https://bkpsitecpsnew.blob.core.windows.net/uploadsitecps/sites/1/2020/10/fatec_ra_metropolitana_sp_capital_sao_paulo.zip
265;Fatec de São Roque – Dr. Bernardino de Campos;Rua Marechal Deodoro da Fonseca, 132 - Centro - CEP: 18130-070 - São Roque/SP;São Roque;SP;Sorocaba;62.823.257/0265-90;(11) 4712-3229 / 4712-8418;https://fatecsaoroque.cps.sp.gov.br;https://bkpsitecpsnew.blob.core.windows.net/uploadsitecps/sites/1/2020/10/fatec_ra_sorocaba_sao_roque.zip
189;Fatec São Sebastião – São Sebastião;Rua Ítalo Nascimento, 366 - Porto Grande - CEP: 11600-970 - São Sebastião/SP;São Sebastião;SP;São José dos Campos;62.823.257/0189-03;(12) 3892-3015 / 3892-5767;https://fatecsaosebastiao.cps.sp.gov.br/;https://bkpsitecpsnew.blob.core.windows.net/uploadsitecps/sites/1/2020/10/fatec_ra_sao_jose_dos_campos_sao_sebastiao.zip
272;Fatec Sebrae;Alameda Nothman 598 - Campos Elíseos - CEP: 01216-000 - São Paulo/SP;São Paulo;SP;Metropolitana de São Paulo;62.823.257/0272-10;(11) 3224-1266;https://fatecsebrae.cps.sp.gov.br/;https://bkpsitecpsnew.blob.core.windows.net/uploadsitecps/sites/1/2020/10/fatec_ra_metropolitana_sp_capital_sebrae.zip
176;Fatec Sertãozinho – Deputado Waldyr Alceu Trigo;Rua Jordão Borghetti, 480 - Jardim Recreio - Sertãozinho/SP;Sertãozinho;SP;Ribeirão Preto;62.823.257/0176-80;(16) 3942-5806;https://fatecsertaozinho.cps.sp.gov.br/;https://bkpsitecpsnew.blob.core.windows.net/uploadsitecps/sites/1/2020/10/fatec_ra_ribeirao_preto_sertaozinho.zip
003;Fatec Sorocaba – José Crespo Gonzales;Av. Eng. Carlos Reinaldo Mendes, 2.015 - Alto da Boa Vista - CEP: 18013-280 - Sorocaba/SP;Sorocaba;SP;Sorocaba;62.823.257/0002-81;(15) 3238-5266 / 3228-2366 / 3228-2370;https://fatecsorocaba.cps.sp.gov.br/;https://bkpsitecpsnew.blob.core.windows.net/uploadsitecps/sites/1/2020/10/fatec_ra_sorocaba_sorocaba.zip
296;Fatec Sumaré;Rua Rafael Rossi, 197 Jardim Luiz Cia CEP 13175-270;Sumaré;SP;Campinas;62.823.257/0296-97;(19) 3903-9401;https://fatecsumare.cps.sp.gov.br/;https://bkpsitecpsnew.blob.core.windows.net/uploadsitecps/sites/1/2024/08/fatec_ra_campinas_sumare.zip
316;Fatec Suzano;Av. Mogi das Cruzes, 1508 - Parque Suzano, Suzano - SP - CEP: 08673-010;Suzano;SP;Metropolitana de São Paulo;62.823.257/0316-75;(11) 99916-5345;https://fatecsuzano.cps.sp.gov.br/;https://bkpsitecpsnew.blob.core.windows.net/uploadsitecps/sites/1/2025/09/fatec_ra_metropolitana_sp_suzano.zip
022;Fatec Taquaritinga;Av. Dr. Flávio Henrique Lemos, 585 - Portal Itamaracá - CEP: 15900-000 - Taquaritinga/SP;Taquaritinga;SP;Central;62.823.257/0022-25;(16) 3252-5250 / 3252-5193 / 3252-5152;https://fatectq.cps.sp.gov.br/;https://bkpsitecpsnew.blob.core.windows.net/uploadsitecps/sites/1/2020/10/fatec_ra_central_taquaritinga.zip
250;Fatec Tatuapé – Victor Civita;Rua Antônio de Barros, 800 - Tatuapé - 03401-000 - Tatuapé/SP;São Paulo;SP;Metropolitana de São Paulo;62.823.257/0250-04;(11) 2293-1220 / 2093-9053;https://fatectatuape.cps.sp.gov.br/;https://bkpsitecpsnew.blob.core.windows.net/uploadsitecps/sites/1/2020/10/fatec_ra_metropolitana_sp_capital_tatuape.zip
132;Fatec Tatuí – Prof. Wilson Roberto Ribeiro de Camargo;Rodovia Mario Batista Mori, 971 - Jardim Aeroporto - Tatuí/SP;Tatuí;SP;Sorocaba;62.823.257/0132-60;(15) 3205-7780;https://fatectatui.cps.sp.gov.br/;https://bkpsitecpsnew.blob.core.windows.net/uploadsitecps/sites/1/2020/10/fatec_ra_sorocaba_tatui.zip
251;Fatec Taubaté;Av. Tomé Portes Del Rei, 525 - Vila São José - CEP: 12070-610 - Taubaté/SP;Taubaté;SP;São José dos Campos;62.823.257/0251-95;(12) 3602-2708 / 3602-2709;https://fatectaubate.cps.sp.gov.br/;https://bkpsitecpsnew.blob.core.windows.net/uploadsitecps/sites/1/2020/10/fatec_ra_sao_jose_dos_campos_taubate.zip
301;Fatec Benedicto Pagliato – Votorantim;Av. Juscelino Kubitschek de Oliveira, 279 - Protestantes - CEP: 18110-008 - Votorantim/SP;Votorantim;SP;Sorocaba;62.823.257/0301-99;;https://fatecvotorantim.cps.sp.gov.br/;https://bkpsitecpsnew.blob.core.windows.net/uploadsitecps/sites/1/2023/02/fatec_ra_sorocaba_votorantim.zip
111;Fatec Zona Leste;Av. Aguia de Haia, 2.983 - Cidade A. E. Carvalho - 03401-000 - São Paulo/SP;São Paulo;SP;Metropolitana de São Paulo;62.823.257/0111-35;(11) 2040-4100;https://fateczl.cps.sp.gov.br/;https://bkpsitecpsnew.blob.core.windows.net/uploadsitecps/sites/1/2020/10/fatec_ra_metropolitana_sp_capital_zona_leste.zip
137;Fatec Zona Sul – Dom Paulo Evaristo Arns;Rua Frederico Grotte, 322 - Jardim São Luiz - CEP: 05818-270 - São Paulo/SP;São Paulo;SP;Metropolitana de São Paulo;62.823.257/0137-74;(11) 5851-5829 / 5851-8949;http://www.fateczonasul.edu.br;https://bkpsitecpsnew.blob.core.windows.net/uploadsitecps/sites/1/2020/10/fatec_ra_metropolitana_sp_capital_zona_sul.zip
292;Fatec Ferraz de Vasconcelos — Ferraz de Vasconcelos;Rua Carlos de Carvalho, 200 - Jd. São João - CEP: 08545-130 - Ferraz de Vasconcelos/SP;Ferraz de Vasconcelos;SP;Metropolitana de São Paulo;62.823.257/0292-63;(11) 4674-2594;https://fatecferraz.cps.sp.gov.br/;https://bkpsitecpsnew.blob.core.windows.net/uploadsitecps/sites/1/2020/11/fatec_ra_metropolitana_sp_ferraz_vasconcelos.zip
